from,to
AM-4000-M1,MCC-1A
AM-4000-M2,MCC-1A
AM-4005-M1,MCC-1A
AM-4005-M2,MCC-1A
AM-4010-M1,MCC-1A
AM-4010-M2,MCC-1A
AM-4015-M1,MCC-1A
AM-4015-M2,MCC-1A
AM-4020-M1,MCC-1A
AM-4020-M2,MCC-1A
AM-4025-M1,MCC-1A
AM-4025-M2,MCC-1A
AM-4030-M1,MCC-1A
AM-4030-M2,MCC-1A
AM-4035-M1,MCC-1A
AM-4035-M2,MCC-1A
AM-4040-M1,MCC-1A
AM-4040-M2,MCC-1A
AM-4045-M1,MCC-1A
AM-4045-M2,MCC-1A
AM-4050-M1,MCC-1A
AM-4050-M2,MCC-1A
AM-4055-M1,MCC-1A
AM-4055-M2,MCC-1A
AM-6135-M1,MCC-1A
AM-3435-M1,MCC-1B
AM-3440-M1,MCC-1B
AM-4060-M1,MCC-1B
AM-4060-M2,MCC-1B
AM-4065-M1,MCC-1B
AM-4065-M2,MCC-1B
AM-4070-M1,MCC-1B
AM-4070-M2,MCC-1B
AM-4075-M1,MCC-1B
AM-4075-M2,MCC-1B
AM-4080-M1,MCC-1B
AM-4080-M2,MCC-1B
AM-4085-M1,MCC-1B
AM-4085-M2,MCC-1B
AM-4090-M1,MCC-1B
AM-4090-M2,MCC-1B
AM-4755-M1,MCC-1B
AM-4775-M1,MCC-1B
AM-4810-M1,MCC-1B
AM-4855-M1,MCC-1B
AM-4945-M1,MCC-1B
AM-5380-M1,MCC-1B
AM-5390-M1,MCC-1B
AM-5395-M1,MCC-1B
AM-5405-M1,MCC-1B
AM-6005-M1,MCC-1B
AM-6015-M1,MCC-1B
AM-6020-M1,MCC-1B
AM-6030-M1,MCC-1B
AM-6115-M1,MCC-1B
AM-6180-M1,MCC-1B
AM-6205-M1,MCC-1B
AM-8015-M1,MCC-1B
R-2000-M1,MCC-1E
R-2001-M1,MCC-1E
R-2005-M1,MCC-1E
R-2015-M1,MCC-1E
R-2020-M1,MCC-1E
R-2025-M1,MCC-1E
R-2026-M1,MCC-1E
R-2027-M1,MCC-1E
R-2030-M1,MCC-1E
R-2031-M1,MCC-1E
R-2032-M1,MCC-1E
R-2033-M1,MCC-1E
R-2035-M1,MCC-1E
R-2040-M1,MCC-1E
R-2045-M1,MCC-1E
R-2046-M1,MCC-1E
R-2047-M1,MCC-1E
R-2048-M1,MCC-1E
R-2049-M1,MCC-1E
R-2050-M1,MCC-1E
R-2055-M1,MCC-1E
R-2060-M1,MCC-1E
R-2065-M1,MCC-1E
R-8072-M1,MCC-1E
R-8074-M1,MCC-1E
R-8076-M1,MCC-1E
R-2121-M1,MCC-1F
R-2125-M1,MCC-1F
R-2125-M2,MCC-1F
R-2125-M3,MCC-1F
R-2125-M4,MCC-1F
R-2125-M5,MCC-1F
R-2127-M1,MCC-1F
R-2130-M1,MCC-1F
R-2133-M1,MCC-1F
R-2136-M1,MCC-1F
R-2140-M1,MCC-1F
R-2140-M2,MCC-1F
R-2140-M3,MCC-1F
R-2140-M4,MCC-1F
R-2140-M5,MCC-1F
R-2142-M1,MCC-1F
R-2145-M1,MCC-1F
R-2147-M1,MCC-1F
R-2155-M1,MCC-1F
R-2156-M1,MCC-1F
R-2160-M1,MCC-1F
R-2165-M1,MCC-1F
R-2175-M1,MCC-1F
R-2185-M1,MCC-1F
R-2195-M1,MCC-1F
R-2205-M1,MCC-1F
R-2215-M1,MCC-1F
R-2225-M1,MCC-1F
R-2235-M1,MCC-1F
R-2245-M1,MCC-1F
R-2250-M1,MCC-1F
R-8070-M1,MCC-1F
R-8070-M2,MCC-1F
AM-2535-M1,MCC-2A
AM-2555-M1,MCC-2A
AM-2575-M1,MCC-2A
AM-2595-M1,MCC-2A
AM-2615-M1,MCC-2A
AM-2635-M1,MCC-2A
AM-2650-M1,MCC-2A
AM-2655-M1,MCC-2A
AM-2660-M1,MCC-2A
AM-3175-M1,MCC-2A
AM-3210-M1,MCC-2A
AM-3220-M1,MCC-2A
AM-3230-M1,MCC-2A
AM-3275-M1,MCC-2A
AM-3280-M1,MCC-2A
AM-3290-M1,MCC-2A
AM-3295-M1,MCC-2A
AM-3305-M1,MCC-2A
AM-3310-M1,MCC-2A
AM-3320-M1,MCC-2A
AM-3325-M1,MCC-2A
AM-3330-M1,MCC-2A
AM-3370-M1,MCC-2A
AM-3450-M1,MCC-2A
AM-4665-M1,MCC-2A
AM-4670-M1,MCC-2A
AM-4675-M1,MCC-2A
AM-4680-M1,MCC-2A
AM-4685-M1,MCC-2A
AM-4690-M1,MCC-2A
AM-4695-M1,MCC-2A
AM-4700-M1,MCC-2A
AM-4757-M1,MCC-2A
AM-4762-M2,MCC-2A
AM-4762-M3,MCC-2A
AM-4770-M1,MCC-2A
AM-4780-M1,MCC-2A
AM-4785-M1,MCC-2A
AM-4790-M1,MCC-2A
AM-4835-M1,MCC-2A
AM-4895-M1,MCC-2A
AM-4956-M1,MCC-2A
AM-4961-M1,MCC-2A
AM-4966-M1,MCC-2A
AM-4971-M1,MCC-2A
AM-4976-M1,MCC-2A
AM-5440-M1,MCC-2A
AM-6070-M1,MCC-2A
AM-8010-M1,MCC-2A
F-8025-M1,MCC-2A
F-8045-M1,MCC-2A
F-8045-M2,MCC-2A
L-6230-M1,MCC-2A
L-6235-M1,MCC-2A
AM-4815-M1,MCC-2B
AM-4830-M1,MCC-2B
AM-4860-M1,MCC-2B
AM-4870-M1,MCC-2B
AM-4885-M1,MCC-2B
AM-4920-M1,MCC-2B
AM-4930-M1,MCC-2B
AM-4935-M5,MCC-2B
AM-5040-M1,MCC-2B
AM-5045-M1,MCC-2B
AM-5080-M1,MCC-2B
AM-5085-M1,MCC-2B
AM-5120-M1,MCC-2B
AM-5125-M1,MCC-2B
AM-5155-M1,MCC-2B
AM-5160-M1,MCC-2B
AM-5195-M1,MCC-2B
AM-5200-M1,MCC-2B
AM-5235-M1,MCC-2B
AM-5240-M1,MCC-2B
AM-5275-M1,MCC-2B
AM-5280-M1,MCC-2B
AM-5310-M1,MCC-2B
AM-5315-M1,MCC-2B
AM-5340-M1,MCC-2B
AM-5345-M1,MCC-2B
AM-5350-M1,MCC-2B
AM-5375-M1,MCC-2B
AM-5415-M1,MCC-2B
AM-6000-M1,MCC-2B
AM-6045-M1,MCC-2B
AM-6075-M1,MCC-2B
AM-6080-M1,MCC-2B
AM-6090-M1,MCC-2B
AM-6100-M1,MCC-2B
AM-6101-M1,MCC-2B
AM-6103-M1,MCC-2B
AM-6105-M1,MCC-2B
AM-6140-M1,MCC-2B
AM-6150-M1,MCC-2B
AM-6160-M1,MCC-2B
AM-6185-M1,MCC-2B
AM-6195-M1,MCC-2B
AM-2520-M1,MCC-3A
AM-2665-M1,MCC-3A
AM-2675-M1,MCC-3A
AM-3040-M1,MCC-3A
AM-3040-M2,MCC-3A
AM-3060-M1,MCC-3A
AM-3062-M1,MCC-3A
AM-3075-M1,MCC-3A
AM-3105-M1,MCC-3A
AM-3110-M1,MCC-3A
AM-3130-M1,MCC-3A
AM-3135-M1,MCC-3A
AM-3145-M1,MCC-3A
AM-3155-M1,MCC-3A
AM-3160-M1,MCC-3A
AM-3165-M1,MCC-3A
AM-3165-M2,MCC-3A
AM-3185-M1,MCC-3A
AM-3213-M1,MCC-3A
AM-3235-M1,MCC-3A
AM-3250-M1,MCC-3A
AM-3255-M1,MCC-3A
AM-3340-M1,MCC-3A
AM-3350-M1,MCC-3A
AM-3355-M1,MCC-3A
AM-3355-M2,MCC-3A
AM-3355-M3,MCC-3A
AM-3355-M4,MCC-3A
AM-3355-M5,MCC-3A
AM-3400-M1,MCC-3A
AM-3405-M1,MCC-3A
AM-3410-M1,MCC-3A
AM-3420-M1,MCC-3A
AM-3425-M1,MCC-3A
AM-3430-M1,MCC-3A
AM-4615-M1,MCC-3A
AM-4620-M1,MCC-3A
AM-4625-M1,MCC-3A
AM-4630-M1,MCC-3A
AM-4635-M1,MCC-3A
AM-4640-M1,MCC-3A
AM-4650-M1,MCC-3A
AM-4655-M1,MCC-3A
AM-4660-M1,MCC-3A
AM-4735-M1,MCC-3A
AM-5420-M1,MCC-3A
AM-5425-M1,MCC-3A
AM-5430-M1,MCC-3A
AM-6050-M1,MCC-3A
AM-6055-M1,MCC-3A
AM-6060-M1,MCC-3A
AM-7007-M1,MCC-3A
AM-7015-M1,MCC-3A
AM-3205-M1,MCC-3B
AM-4095-M1,MCC-3B
AM-4100-M1,MCC-3B
AM-4105-M1,MCC-3B
AM-4115-M1,MCC-3B
AM-4120-M1,MCC-3B
AM-4125-M1,MCC-3B
AM-4130-M1,MCC-3B
AM-4185-M1,MCC-3B
AM-4260-M1,MCC-3B
AM-4285-M1,MCC-3B
AM-4340-M1,MCC-3B
AM-4415-M1,MCC-3B
AM-4440-M1,MCC-3B
AM-4495-M1,MCC-3B
AM-4570-M1,MCC-3B
AM-4600-M1,MCC-3B
AM-4605-M1,MCC-3B
AM-4610-M1,MCC-3B
AM-4645-M1,MCC-3B
AM-4645-M2,MCC-3B
AM-4740-M1-DELETED,MCC-3B
AM-4745-M1,MCC-3B
AM-4750-M1,MCC-3B
AM-4760-M1,MCC-3B
AM-4761-M1,MCC-3B
AM-4762-M1,MCC-3B
AM-4765-M1,MCC-3B
AM-4766-M1,MCC-3B
AM-4935-M1,MCC-3B
AM-4935-M3,MCC-3B
AM-4935-M4,MCC-3B
AM-3030-SCL,MDF-A
AM-3055-PNL1,MDF-A
AM-3105-PNL,MDF-A
AM-3130-PNL,MDF-A
AM-3365-SCL,MDF-A
AM-4000-ML,MDF-A
AM-4005-ML,MDF-A
AM-4010-ML,MDF-A
AM-4015-ML,MDF-A
AM-4020-ML,MDF-A
AM-4025-ML,MDF-A
AM-4030-ML,MDF-A
AM-4035-ML,MDF-A
AM-4040-ML,MDF-A
AM-4045-ML,MDF-A
AM-4050-ML,MDF-A
AM-4055-ML,MDF-A
AM-4060-ML,MDF-A
AM-4065-ML,MDF-A
AM-4070-ML,MDF-A
AM-4075-ML,MDF-A
AM-4080-ML,MDF-A
AM-4085-ML,MDF-A
AM-4090-ML,MDF-A
AM-4790-SCL,MDF-A
AM-4825-NIR,MDF-A
AM-4835-SCL,MDF-A
AM-4895-SCL,MDF-A
AM-5440-SCL,MDF-A
AM-6070-SCL,MDF-A
AM-7015-SCL,MDF-A
LC-3,PLC-20
PC-1,PLC-20
PLC-20-ESR,PLC-20
PLC-20-UPS-ALARM,PLC-20
PLC-20-UPS-READY,PLC-20
R-2020-MS,PLC-20
R-2020-PS,PLC-20
R-2020-SC,PLC-20
R-2025-MS,PLC-20
R-2025-PS,PLC-20
R-2025-SC,PLC-20
R-2026-SG-ZS01,PLC-20
R-2026-SG-ZS02,PLC-20
R-2027-SG-ZS01,PLC-20
R-2027-SG-ZS02,PLC-20
R-2030-MS,PLC-20
R-2030-PS,PLC-20
R-2030-SC,PLC-20
R-2031-SG-ZS01,PLC-20
R-2031-SG-ZS02,PLC-20
R-2032-SG-ZS01,PLC-20
R-2032-SG-ZS02,PLC-20
R-2033-SG-ZS01,PLC-20
R-2033-SG-ZS02,PLC-20
R-2035-ZV-ZS01,PLC-20
R-2035-ZV-ZS02,PLC-20
R-2040-MS,PLC-20
R-2040-PS,PLC-20
R-2040-SC,PLC-20
R-2045-MS,PLC-20
R-2045-PS,PLC-20
R-2045-SC,PLC-20
R-2046-SG-ZS01,PLC-20
R-2046-SG-ZS02,PLC-20
R-2047-SG-ZS01,PLC-20
R-2047-SG-ZS02,PLC-20
R-2048-SG-ZS01,PLC-20
R-2048-SG-ZS02,PLC-20
R-2049-SG-ZS01,PLC-20
R-2049-SG-ZS02,PLC-20
R-2050-SG-ZS01,PLC-20
R-2050-SG-ZS02,PLC-20
R-2055-ZV-ZS01,PLC-20
R-2055-ZV-ZS02,PLC-20
R-2060-ZV-ZS01,PLC-20
R-2060-ZV-ZS02,PLC-20
R-2065-ZV-ZS01,PLC-20
R-2065-ZV-ZS02,PLC-20
R-2120-LSH,PLC-20
R-2120-LSL,PLC-20
R-2121-MS,PLC-20
R-2121-PS,PLC-20
R-2121-SC,PLC-20
R-2125-LSH,PLC-20
R-2126-PNL,PLC-20
R-2127-MS,PLC-20
R-2127-PS,PLC-20
R-2135-LSH,PLC-20
R-2135-LSL,PLC-20
R-2136-MS,PLC-20
R-2136-PS,PLC-20
R-2136-SC,PLC-20
R-2140-LSH,PLC-20
R-2141-PNL,PLC-20
R-2142-MS,PLC-20
R-2142-PS,PLC-20
R-2155-MS,PLC-20
R-2155-PS,PLC-20
R-2155-SC,PLC-20
R-2156-MS,PLC-20
R-2156-PS,PLC-20
R-2156-SC,PLC-20
R-2160-MS,PLC-20
R-2160-PS,PLC-20
R-2165-MS,PLC-20
R-2165-PS,PLC-20
R-2170-LSH,PLC-20
R-2170-LSL,PLC-20
R-2175-MS,PLC-20
R-2175-PS,PLC-20
R-2180-LSH,PLC-20
R-2180-LSL,PLC-20
R-2185-MS,PLC-20
R-2185-PS,PLC-20
R-2190-LSH,PLC-20
R-2190-LSL,PLC-20
R-2195-MS,PLC-20
R-2195-PS,PLC-20
R-2200-LSH,PLC-20
R-2200-LSL,PLC-20
R-2205-MS,PLC-20
R-2205-PS,PLC-20
R-2210-LSH,PLC-20
R-2210-LSL,PLC-20
R-2215-MS,PLC-20
R-2215-PS,PLC-20
R-2220-LSH,PLC-20
R-2220-LSL,PLC-20
R-2225-MS,PLC-20
R-2225-PS,PLC-20
R-2230-LSH,PLC-20
R-2230-LSL,PLC-20
R-2235-MS,PLC-20
R-2235-PS,PLC-20
R-2240-LSH,PLC-20
R-2240-LSL,PLC-20
R-2245-MS,PLC-20
R-2245-PS,PLC-20
R-2250-AS-HA,PLC-20
R-2250-AS-HB,PLC-20
R-2250-AS-TA,PLC-20
R-2250-AS-TB,PLC-20
R-2250-BS-HA,PLC-20
R-2250-BS-HB,PLC-20
R-2250-BS-TA,PLC-20
R-2250-BS-TB,PLC-20
R-2250-MS,PLC-20
R-2250-PS,PLC-20
R-2255-PNL,PLC-20
UPS-1E-ALARM,PLC-20
UPS-1E-ESR,PLC-20
UPS-1E-READY,PLC-20
UPS-1F-ALARM,PLC-20
UPS-1F-ESR,PLC-20
UPS-1F-READY,PLC-20
AM-0103-MD-ZS01,PLC-41
AM-0104-MD-ZS01,PLC-41
AM-0106-MD-ZS01,PLC-41
AM-0107-MD-ZS01,PLC-41
AM-2535-PS,PLC-41
AM-2555-PS,PLC-41
AM-2575-PS,PLC-41
AM-2595-PS,PLC-41
AM-2615-PS,PLC-41
AM-2635-PS,PLC-41
AM-2650-PS,PLC-41
AM-2655-MS,PLC-41
AM-2655-PS,PLC-41
AM-2660-MS,PLC-41
AM-2660-PS,PLC-41
AM-2665-AS-TA,PLC-41
AM-2665-AS-TB,PLC-41
AM-2665-BS-TA,PLC-41
AM-2665-BS-TB,PLC-41
AM-2665-MS,PLC-41
AM-3045-ZV-ZS01,PLC-41
AM-3045-ZV-ZS02,PLC-41
AM-3045-ZV-ZV01,PLC-41
AM-3045-ZV-ZV02,PLC-41
AM-3050-LSH-1,PLC-41
AM-3050-LSH-2,PLC-41
AM-3055-PNL1-ALM1,PLC-41
AM-3055-PNL1-ALM2,PLC-41
AM-3055-PNL1-START,PLC-41
AM-3055-PNL1-STAT,PLC-41
AM-3055-PNL1-STOP1,PLC-41
AM-3055-PNL1-STOP2,PLC-41
AM-3055-PNL1-WARN,PLC-41
AM-3060-AS-HA,PLC-41
AM-3060-AS-HB,PLC-41
AM-3060-AS-TA,PLC-41
AM-3060-AS-TB,PLC-41
AM-3060-BS-HA,PLC-41
AM-3060-BS-HB,PLC-41
AM-3060-BS-TA,PLC-41
AM-3060-BS-TB,PLC-41
AM-3060-MS,PLC-41
AM-3060-PS,PLC-41
AM-3062-AS-HA,PLC-41
AM-3062-AS-HB,PLC-41
AM-3062-AS-TA,PLC-41
AM-3062-AS-TB,PLC-41
AM-3062-BS-HA,PLC-41
AM-3062-BS-HB,PLC-41
AM-3062-BS-TA,PLC-41
AM-3062-BS-TB,PLC-41
AM-3062-MS,PLC-41
AM-3062-PS,PLC-41
AM-3075-AS-TA,PLC-41
AM-3075-AS-TB,PLC-41
AM-3075-BS-TA,PLC-41
AM-3075-BS-TB,PLC-41
AM-3075-MS,PLC-41
AM-3180-XT,PLC-41
AM-3185-AS-TA,PLC-41
AM-3185-AS-TB,PLC-41
AM-3185-BS-TA,PLC-41
AM-3185-BS-TB,PLC-41
AM-3185-MS,PLC-41
AM-3195-PNL,PLC-41
AM-3235-AS-TA,PLC-41
AM-3235-AS-TB,PLC-41
AM-3235-BS-TA,PLC-41
AM-3235-BS-TB,PLC-41
AM-3235-MS,PLC-41
AM-3280-PS,PLC-41
AM-3295-PS,PLC-41
AM-3310-PS,PLC-41
AM-3325-PS,PLC-41
AM-3330-PS,PLC-41
AM-3330-PTC,PLC-41
AM-3340-AS-TA,PLC-41
AM-3340-AS-TB,PLC-41
AM-3340-BS-TA,PLC-41
AM-3340-BS-TB,PLC-41
AM-3340-MS,PLC-41
AM-3435-PT,PLC-41
AM-3440-FCP-AUX,PLC-41
AM-3440-FCP-RUN,PLC-41
AM-3445-LSH,PLC-41
AM-4755-PT,PLC-41
AM-4756-LSH,PLC-41
AM-4767-LSH,PLC-41
AM-4768-LSH,PLC-41
AM-4770-PS,PLC-41
AM-4775-MS,PLC-41
AM-4775-PS,PLC-41
AM-4775-PTC,PLC-41
AM-4780-LSH,PLC-41
AM-4785-LSH,PLC-41
AM-4810-PT,PLC-41
AM-4815-FCP-AUX,PLC-41
AM-4815-FCP-RUN,PLC-41
AM-4820-LSH,PLC-41
AM-4855-PT,PLC-41
AM-4860-FCP-AUX,PLC-41
AM-4860-FCP-RUN,PLC-41
AM-4865-LSH,PLC-41
AM-4920-FCP-AUX,PLC-41
AM-4920-FCP-RUN,PLC-41
AM-4925-LSH,PLC-41
AM-4935-LSH,PLC-41
AM-4935-MS,PLC-41
AM-4950-PNL,PLC-41
AM-4951-PT,PLC-41
AM-4956-MS,PLC-41
AM-4961-MS,PLC-41
AM-4966-MS,PLC-41
AM-4971-MS,PLC-41
AM-4976-MS,PLC-41
AM-5045-PS,PLC-41
AM-5085-PS,PLC-41
AM-5125-PS,PLC-41
AM-5160-PS,PLC-41
AM-5200-PS,PLC-41
AM-5240-PS,PLC-41
AM-5280-PS,PLC-41
AM-5315-PS,PLC-41
AM-5345-PS,PLC-41
AM-5360-ZV-ZS01,PLC-41
AM-5360-ZV-ZS02,PLC-41
AM-5360-ZV-ZV01,PLC-41
AM-5360-ZV-ZV02,PLC-41
AM-5370-ZV-ZS01,PLC-41
AM-5370-ZV-ZS02,PLC-41
AM-5370-ZV-ZV01,PLC-41
AM-5370-ZV-ZV02,PLC-41
AM-5375-PT,PLC-41
AM-5380-FCP-AUX,PLC-41
AM-5380-FCP-RUN,PLC-41
AM-5385-LSH,PLC-41
AM-5390-PTC,PLC-41
AM-5395-FCP-AUX,PLC-41
AM-5395-FCP-RUN,PLC-41
AM-5400-LSH,PLC-41
AM-5405-PTC,PLC-41
AM-5430-LSH,PLC-41
AM-6000-PT,PLC-41
AM-6005-FCP-AUX,PLC-41
AM-6005-FCP-RUN,PLC-41
AM-6010-LSH,PLC-41
AM-6015-PTC,PLC-41
AM-6020-FCP-AUX,PLC-41
AM-6020-FCP-RUN,PLC-41
AM-6025-LSH,PLC-41
AM-6030-PTC,PLC-41
AM-6060-LSH,PLC-41
AM-6075-LSH,PLC-41
AM-6075-PTC,PLC-41
AM-6080-LSH,PLC-41
AM-6080-PTC,PLC-41
AM-6090-FCP-AUX,PLC-41
AM-6090-FCP-RUN,PLC-41
AM-6095-LSH,PLC-41
AM-6101-FCP-AUX,PLC-41
AM-6101-FCP-RUN,PLC-41
AM-6102-LSH,PLC-41
AM-6105-PT,PLC-41
AM-6115-PTC,PLC-41
AM-6125-ZV-ZS01,PLC-41
AM-6125-ZV-ZS02,PLC-41
AM-6125-ZV-ZS03,PLC-41
AM-6125-ZV-ZV01,PLC-41
AM-6125-ZV-ZV02,PLC-41
AM-6125-ZV-ZV03,PLC-41
AM-6135-PT,PLC-41
AM-6140-FCP-AUX,PLC-41
AM-6140-FCP-RUN,PLC-41
AM-6145-LSH,PLC-41
AM-6150-PTC,PLC-41
AM-6170-ZV-ZS01,PLC-41
AM-6170-ZV-ZS02,PLC-41
AM-6170-ZV-ZS03,PLC-41
AM-6170-ZV-ZV01,PLC-41
AM-6170-ZV-ZV02,PLC-41
AM-6170-ZV-ZV03,PLC-41
AM-6180-PT,PLC-41
AM-6185-FCP-AUX,PLC-41
AM-6185-FCP-RUN,PLC-41
AM-6190-LSH,PLC-41
AM-6195-PTC,PLC-41
AM-6215-ZV-ZS01,PLC-41
AM-6215-ZV-ZS02,PLC-41
AM-6215-ZV-ZS03,PLC-41
AM-6215-ZV-ZV01,PLC-41
AM-6215-ZV-ZV02,PLC-41
AM-6215-ZV-ZV03,PLC-41
LC-1,PLC-41
MD-MD-ZS02,PLC-41
MD-MD-ZS02,PLC-41
MD-MD-ZS02,PLC-41
MD-MD-ZS02,PLC-41
MD-MD-ZV01,PLC-41
MD-MD-ZV01,PLC-41
MD-MD-ZV01,PLC-41
MD-MD-ZV01,PLC-41
PLC-41-ESR,PLC-41
PLC-41-UPS-ALARM,PLC-41
PLC-41-UPS-READY,PLC-41
UPS-2A-ALARM,PLC-41
UPS-2A-ESR,PLC-41
UPS-2A-READY,PLC-41
UPS-2B-ALARM,PLC-41
UPS-2B-ESR,PLC-41
UPS-2B-READY,PLC-41
WELL-PNL-CALL,PLC-41
WELL-PNL-FIRE,PLC-41
WELL-PNL-PLANT,PLC-41
WELL-PNL-READY,PLC-41
LC-2,RIO-22
R-2005-MS,RIO-22
R-2015-AS-HA,RIO-22
R-2015-AS-HB,RIO-22
R-2015-AS-TA,RIO-22
R-2015-AS-TB,RIO-22
R-2015-BS-HA,RIO-22
R-2015-BS-HB,RIO-22
R-2015-BS-TA,RIO-22
R-2015-BS-TB,RIO-22
R-2015-MS,RIO-22
R-2015-PS,RIO-22
R-2125-PNL-FANS,RIO-22
R-2125-PNL-OK,RIO-22
R-2140-PNL-FANS,RIO-22
R-2140-PNL-OK,RIO-22
R-8065-ZV-ZS01,RIO-22
R-8065-ZV-ZS02,RIO-22
R-8065-ZV-ZV01,RIO-22
R-8065-ZV-ZV02,RIO-22
R-8070-LSH,RIO-22
R-8070-ZSX,RIO-22
R-8072-MS,RIO-22
R-8076-PT,RIO-22
RIO-22-ESR,RIO-22
RIO-22-UPS-ALARM,RIO-22
RIO-22-UPS-READY,RIO-22
AM-3385-LSH,RIO-42
AM-3390-LSH,RIO-42
AM-4000-LS-1,RIO-42
AM-4000-LS-2,RIO-42
AM-4000-ML-ABS_A,RIO-42
AM-4000-ML-ABS_B,RIO-42
AM-4000-ML-ALM_A,RIO-42
AM-4000-ML-ALM_B,RIO-42
AM-4000-ML-AUX_A,RIO-42
AM-4000-ML-AUX_B,RIO-42
AM-4000-ML-ENB_A,RIO-42
AM-4000-ML-ENB_B,RIO-42
AM-4000-ML-ESTOP,RIO-42
AM-4000-ML-MAX_A,RIO-42
AM-4000-ML-MAX_B,RIO-42
AM-4000-ML-RUN_A,RIO-42
AM-4000-ML-RUN_B,RIO-42
AM-4000-PTC1,RIO-42
AM-4000-PTC2,RIO-42
AM-4005-LS-1,RIO-42
AM-4005-LS-2,RIO-42
AM-4005-ML-ABS_A,RIO-42
AM-4005-ML-ABS_B,RIO-42
AM-4005-ML-ALM_A,RIO-42
AM-4005-ML-ALM_B,RIO-42
AM-4005-ML-AUX_A,RIO-42
AM-4005-ML-AUX_B,RIO-42
AM-4005-ML-ENB_A,RIO-42
AM-4005-ML-ENB_B,RIO-42
AM-4005-ML-ESTOP,RIO-42
AM-4005-ML-MAX_A,RIO-42
AM-4005-ML-MAX_B,RIO-42
AM-4005-ML-RUN_A,RIO-42
AM-4005-ML-RUN_B,RIO-42
AM-4005-PTC1,RIO-42
AM-4005-PTC2,RIO-42
AM-4010-LS-1,RIO-42
AM-4010-LS-2,RIO-42
AM-4010-ML-ABS_A,RIO-42
AM-4010-ML-ABS_B,RIO-42
AM-4010-ML-ALM_A,RIO-42
AM-4010-ML-ALM_B,RIO-42
AM-4010-ML-AUX_A,RIO-42
AM-4010-ML-AUX_B,RIO-42
AM-4010-ML-ENB_A,RIO-42
AM-4010-ML-ENB_B,RIO-42
AM-4010-ML-ESTOP,RIO-42
AM-4010-ML-MAX_A,RIO-42
AM-4010-ML-MAX_B,RIO-42
AM-4010-ML-RUN_A,RIO-42
AM-4010-ML-RUN_B,RIO-42
AM-4010-PTC1,RIO-42
AM-4010-PTC2,RIO-42
AM-4015-LS-1,RIO-42
AM-4015-LS-2,RIO-42
AM-4015-ML-ABS_A,RIO-42
AM-4015-ML-ABS_B,RIO-42
AM-4015-ML-ALM_A,RIO-42
AM-4015-ML-ALM_B,RIO-42
AM-4015-ML-AUX_A,RIO-42
AM-4015-ML-AUX_B,RIO-42
AM-4015-ML-ENB_A,RIO-42
AM-4015-ML-ENB_B,RIO-42
AM-4015-ML-ESTOP,RIO-42
AM-4015-ML-MAX_A,RIO-42
AM-4015-ML-MAX_B,RIO-42
AM-4015-ML-RUN_A,RIO-42
AM-4015-ML-RUN_B,RIO-42
AM-4015-PTC1,RIO-42
AM-4015-PTC2,RIO-42
AM-4020-LS-1,RIO-42
AM-4020-LS-2,RIO-42
AM-4020-ML-ABS_A,RIO-42
AM-4020-ML-ABS_B,RIO-42
AM-4020-ML-ALM_A,RIO-42
AM-4020-ML-ALM_B,RIO-42
AM-4020-ML-AUX_A,RIO-42
AM-4020-ML-AUX_B,RIO-42
AM-4020-ML-ENB_A,RIO-42
AM-4020-ML-ENB_B,RIO-42
AM-4020-ML-ESTOP,RIO-42
AM-4020-ML-MAX_A,RIO-42
AM-4020-ML-MAX_B,RIO-42
AM-4020-ML-RUN_A,RIO-42
AM-4020-ML-RUN_B,RIO-42
AM-4020-PTC1,RIO-42
AM-4020-PTC2,RIO-42
AM-4025-LS-1,RIO-42
AM-4025-LS-2,RIO-42
AM-4025-ML-ABS_A,RIO-42
AM-4025-ML-ABS_B,RIO-42
AM-4025-ML-ALM_A,RIO-42
AM-4025-ML-ALM_B,RIO-42
AM-4025-ML-AUX_A,RIO-42
AM-4025-ML-AUX_B,RIO-42
AM-4025-ML-ENB_A,RIO-42
AM-4025-ML-ENB_B,RIO-42
AM-4025-ML-ESTOP,RIO-42
AM-4025-ML-MAX_A,RIO-42
AM-4025-ML-MAX_B,RIO-42
AM-4025-ML-RUN_A,RIO-42
AM-4025-ML-RUN_B,RIO-42
AM-4025-PTC1,RIO-42
AM-4025-PTC2,RIO-42
AM-4030-LS-1,RIO-42
AM-4030-LS-2,RIO-42
AM-4030-ML-ABS_A,RIO-42
AM-4030-ML-ABS_B,RIO-42
AM-4030-ML-ALM_A,RIO-42
AM-4030-ML-ALM_B,RIO-42
AM-4030-ML-AUX_A,RIO-42
AM-4030-ML-AUX_B,RIO-42
AM-4030-ML-ENB_A,RIO-42
AM-4030-ML-ENB_B,RIO-42
AM-4030-ML-ESTOP,RIO-42
AM-4030-ML-MAX_A,RIO-42
AM-4030-ML-MAX_B,RIO-42
AM-4030-ML-RUN_A,RIO-42
AM-4030-ML-RUN_B,RIO-42
AM-4035-LS-1,RIO-42
AM-4035-LS-2,RIO-42
AM-4035-ML-ABS_A,RIO-42
AM-4035-ML-ABS_B,RIO-42
AM-4035-ML-ALM_A,RIO-42
AM-4035-ML-ALM_B,RIO-42
AM-4035-ML-AUX_A,RIO-42
AM-4035-ML-AUX_B,RIO-42
AM-4035-ML-ENB_A,RIO-42
AM-4035-ML-ENB_B,RIO-42
AM-4035-ML-ESTOP,RIO-42
AM-4035-ML-MAX_A,RIO-42
AM-4035-ML-MAX_B,RIO-42
AM-4035-ML-RUN_A,RIO-42
AM-4035-ML-RUN_B,RIO-42
AM-4035-PTC1,RIO-42
AM-4035-PTC2,RIO-42
AM-4040-LS-1,RIO-42
AM-4040-LS-2,RIO-42
AM-4040-ML-ABS_A,RIO-42
AM-4040-ML-ABS_B,RIO-42
AM-4040-ML-ALM_A,RIO-42
AM-4040-ML-ALM_B,RIO-42
AM-4040-ML-AUX_A,RIO-42
AM-4040-ML-AUX_B,RIO-42
AM-4040-ML-ENB_A,RIO-42
AM-4040-ML-ENB_B,RIO-42
AM-4040-ML-ESTOP,RIO-42
AM-4040-ML-MAX_A,RIO-42
AM-4040-ML-MAX_B,RIO-42
AM-4040-ML-RUN_A,RIO-42
AM-4040-ML-RUN_B,RIO-42
AM-4040-PTC1,RIO-42
AM-4040-PTC2,RIO-42
AM-4045-LS-1,RIO-42
AM-4045-LS-2,RIO-42
AM-4045-ML-ABS_A,RIO-42
AM-4045-ML-ABS_B,RIO-42
AM-4045-ML-ALM_A,RIO-42
AM-4045-ML-ALM_B,RIO-42
AM-4045-ML-AUX_A,RIO-42
AM-4045-ML-AUX_B,RIO-42
AM-4045-ML-ENB_A,RIO-42
AM-4045-ML-ENB_B,RIO-42
AM-4045-ML-ESTOP,RIO-42
AM-4045-ML-MAX_A,RIO-42
AM-4045-ML-MAX_B,RIO-42
AM-4045-ML-RUN_A,RIO-42
AM-4045-ML-RUN_B,RIO-42
AM-4045-PTC1,RIO-42
AM-4045-PTC2,RIO-42
AM-4050-LS-1,RIO-42
AM-4050-LS-2,RIO-42
AM-4050-ML-ABS_A,RIO-42
AM-4050-ML-ABS_B,RIO-42
AM-4050-ML-ALM_A,RIO-42
AM-4050-ML-ALM_B,RIO-42
AM-4050-ML-AUX_A,RIO-42
AM-4050-ML-AUX_B,RIO-42
AM-4050-ML-ENB_A,RIO-42
AM-4050-ML-ENB_B,RIO-42
AM-4050-ML-ESTOP,RIO-42
AM-4050-ML-MAX_A,RIO-42
AM-4050-ML-MAX_B,RIO-42
AM-4050-ML-RUN_A,RIO-42
AM-4050-ML-RUN_B,RIO-42
AM-4050-PTC1,RIO-42
AM-4050-PTC2,RIO-42
AM-4055-LS-1,RIO-42
AM-4055-LS-2,RIO-42
AM-4055-ML-ABS_A,RIO-42
AM-4055-ML-ABS_B,RIO-42
AM-4055-ML-ALM_A,RIO-42
AM-4055-ML-ALM_B,RIO-42
AM-4055-ML-AUX_A,RIO-42
AM-4055-ML-AUX_B,RIO-42
AM-4055-ML-ENB_A,RIO-42
AM-4055-ML-ENB_B,RIO-42
AM-4055-ML-ESTOP,RIO-42
AM-4055-ML-MAX_A,RIO-42
AM-4055-ML-MAX_B,RIO-42
AM-4055-ML-RUN_A,RIO-42
AM-4055-ML-RUN_B,RIO-42
AM-4055-PTC1,RIO-42
AM-4055-PTC2,RIO-42
AM-4060-LS-1,RIO-42
AM-4060-LS-2,RIO-42
AM-4060-ML-ABS_A,RIO-42
AM-4060-ML-ABS_B,RIO-42
AM-4060-ML-ALM_A,RIO-42
AM-4060-ML-ALM_B,RIO-42
AM-4060-ML-AUX_A,RIO-42
AM-4060-ML-AUX_B,RIO-42
AM-4060-ML-ENB_A,RIO-42
AM-4060-ML-ENB_B,RIO-42
AM-4060-ML-ESTOP,RIO-42
AM-4060-ML-MAX_A,RIO-42
AM-4060-ML-MAX_B,RIO-42
AM-4060-ML-RUN_A,RIO-42
AM-4060-ML-RUN_B,RIO-42
AM-4065-LS-1,RIO-42
AM-4065-LS-2,RIO-42
AM-4065-ML-ABS_A,RIO-42
AM-4065-ML-ABS_B,RIO-42
AM-4065-ML-ALM_A,RIO-42
AM-4065-ML-ALM_B,RIO-42
AM-4065-ML-AUX_A,RIO-42
AM-4065-ML-AUX_B,RIO-42
AM-4065-ML-ENB_A,RIO-42
AM-4065-ML-ENB_B,RIO-42
AM-4065-ML-ESTOP,RIO-42
AM-4065-ML-MAX_A,RIO-42
AM-4065-ML-MAX_B,RIO-42
AM-4065-ML-RUN_A,RIO-42
AM-4065-ML-RUN_B,RIO-42
AM-4065-PTC1,RIO-42
AM-4065-PTC2,RIO-42
AM-4070-LS-1,RIO-42
AM-4070-LS-2,RIO-42
AM-4070-ML-ABS_A,RIO-42
AM-4070-ML-ABS_B,RIO-42
AM-4070-ML-ALM_A,RIO-42
AM-4070-ML-ALM_B,RIO-42
AM-4070-ML-AUX_A,RIO-42
AM-4070-ML-AUX_B,RIO-42
AM-4070-ML-ENB_A,RIO-42
AM-4070-ML-ENB_B,RIO-42
AM-4070-ML-ESTOP,RIO-42
AM-4070-ML-MAX_A,RIO-42
AM-4070-ML-MAX_B,RIO-42
AM-4070-ML-RUN_A,RIO-42
AM-4070-ML-RUN_B,RIO-42
AM-4070-PTC1,RIO-42
AM-4070-PTC2,RIO-42
AM-4075-LS-1,RIO-42
AM-4075-LS-2,RIO-42
AM-4075-ML-ABS_A,RIO-42
AM-4075-ML-ABS_B,RIO-42
AM-4075-ML-ALM_A,RIO-42
AM-4075-ML-ALM_B,RIO-42
AM-4075-ML-AUX_A,RIO-42
AM-4075-ML-AUX_B,RIO-42
AM-4075-ML-ENB_A,RIO-42
AM-4075-ML-ENB_B,RIO-42
AM-4075-ML-ESTOP,RIO-42
AM-4075-ML-MAX_A,RIO-42
AM-4075-ML-MAX_B,RIO-42
AM-4075-ML-RUN_A,RIO-42
AM-4075-ML-RUN_B,RIO-42
AM-4075-PTC1,RIO-42
AM-4075-PTC2,RIO-42
AM-4080-LS-1,RIO-42
AM-4080-LS-2,RIO-42
AM-4080-ML-ABS_A,RIO-42
AM-4080-ML-ABS_B,RIO-42
AM-4080-ML-ALM_A,RIO-42
AM-4080-ML-ALM_B,RIO-42
AM-4080-ML-AUX_A,RIO-42
AM-4080-ML-AUX_B,RIO-42
AM-4080-ML-ENB_A,RIO-42
AM-4080-ML-ENB_B,RIO-42
AM-4080-ML-ESTOP,RIO-42
AM-4080-ML-MAX_A,RIO-42
AM-4080-ML-MAX_B,RIO-42
AM-4080-ML-RUN_A,RIO-42
AM-4080-ML-RUN_B,RIO-42
AM-4080-PTC1,RIO-42
AM-4080-PTC2,RIO-42
AM-4085-LS-1,RIO-42
AM-4085-LS-2,RIO-42
AM-4085-ML-ABS_A,RIO-42
AM-4085-ML-ABS_B,RIO-42
AM-4085-ML-ALM_A,RIO-42
AM-4085-ML-ALM_B,RIO-42
AM-4085-ML-AUX_A,RIO-42
AM-4085-ML-AUX_B,RIO-42
AM-4085-ML-ENB_A,RIO-42
AM-4085-ML-ENB_B,RIO-42
AM-4085-ML-ESTOP,RIO-42
AM-4085-ML-MAX_A,RIO-42
AM-4085-ML-MAX_B,RIO-42
AM-4085-ML-RUN_A,RIO-42
AM-4085-ML-RUN_B,RIO-42
AM-4085-PTC1,RIO-42
AM-4085-PTC2,RIO-42
AM-4090-LS-1,RIO-42
AM-4090-LS-2,RIO-42
AM-4090-ML-ABS_A,RIO-42
AM-4090-ML-ABS_B,RIO-42
AM-4090-ML-ALM_A,RIO-42
AM-4090-ML-ALM_B,RIO-42
AM-4090-ML-AUX_A,RIO-42
AM-4090-ML-AUX_B,RIO-42
AM-4090-ML-ENB_A,RIO-42
AM-4090-ML-ENB_B,RIO-42
AM-4090-ML-ESTOP,RIO-42
AM-4090-ML-MAX_A,RIO-42
AM-4090-ML-MAX_B,RIO-42
AM-4090-ML-RUN_A,RIO-42
AM-4090-ML-RUN_B,RIO-42
AM-4090-PTC1,RIO-42
AM-4090-PTC2,RIO-42
RIO-42-ESR,RIO-42
UPS-1A-ALARM,RIO-42
UPS-1A-ESR,RIO-42
UPS-1A-READY,RIO-42
UPS-1B-ALARM,RIO-42
UPS-1B-ESR,RIO-42
UPS-1B-READY,RIO-42
AM-2520-MS,RIO-43
AM-2521-SG-ZS01,RIO-43
AM-2521-SG-ZS02,RIO-43
AM-2521-SG-ZV01,RIO-43
AM-2521-SG-ZV02,RIO-43
AM-2525-LSH,RIO-43
AM-2525-LT,RIO-43
AM-2540-SG-ZS01,RIO-43
AM-2540-SG-ZS02,RIO-43
AM-2540-SG-ZV01,RIO-43
AM-2540-SG-ZV02,RIO-43
AM-2545-LSH,RIO-43
AM-2545-LT,RIO-43
AM-2560-SG-ZS01,RIO-43
AM-2560-SG-ZS02,RIO-43
AM-2560-SG-ZV01,RIO-43
AM-2560-SG-ZV02,RIO-43
AM-2565-LSH,RIO-43
AM-2565-LT,RIO-43
AM-2580-SG-ZS01,RIO-43
AM-2580-SG-ZS02,RIO-43
AM-2580-SG-ZV01,RIO-43
AM-2580-SG-ZV02,RIO-43
AM-2585-LSH,RIO-43
AM-2585-LT,RIO-43
AM-2600-SG-ZS01,RIO-43
AM-2600-SG-ZS02,RIO-43
AM-2600-SG-ZV01,RIO-43
AM-2600-SG-ZV02,RIO-43
AM-2605-LSH,RIO-43
AM-2605-LT,RIO-43
AM-2620-SG-ZS01,RIO-43
AM-2620-SG-ZS02,RIO-43
AM-2620-SG-ZV01,RIO-43
AM-2620-SG-ZV02,RIO-43
AM-2625-LSH,RIO-43
AM-2625-LT,RIO-43
AM-2636-SG-ZS01,RIO-43
AM-2636-SG-ZS02,RIO-43
AM-2636-SG-ZV01,RIO-43
AM-2636-SG-ZV02,RIO-43
AM-2640-LSH,RIO-43
AM-2640-LT,RIO-43
AM-2665-AS-HA,RIO-43
AM-2665-AS-HB,RIO-43
AM-2665-BS-HA,RIO-43
AM-2665-BS-HB,RIO-43
AM-2665-PS,RIO-43
AM-2675-PS,RIO-43
AM-3000-HTR,RIO-43
AM-3002-LSH,RIO-43
AM-3002-LSL,RIO-43
AM-3037-LSH,RIO-43
AM-3037-LSL,RIO-43
AM-3075-AS-HA,RIO-43
AM-3075-AS-HB,RIO-43
AM-3075-BS-HA,RIO-43
AM-3075-BS-HB,RIO-43
AM-3075-PS,RIO-43
AM-3085-LSH,RIO-43
AM-3095-ZV-ZS01,RIO-43
AM-3095-ZV-ZS02,RIO-43
AM-3095-ZV-ZV01,RIO-43
AM-3095-ZV-ZV02,RIO-43
AM-3100-LSH,RIO-43
AM-3105-PNL-ALARM,RIO-43
AM-3105-PNL-AMPS,RIO-43
AM-3105-PNL-AUX,RIO-43
AM-3105-PNL-BYPSS,RIO-43
AM-3105-PNL-RESET,RIO-43
AM-3105-PNL-SETPT,RIO-43
AM-3105-PNL-START,RIO-43
AM-3110-PTC,RIO-43
AM-3110-ZV-ZS01,RIO-43
AM-3110-ZV-ZS02,RIO-43
AM-3110-ZV-ZV01,RIO-43
AM-3120-ZV-ZS01,RIO-43
AM-3120-ZV-ZS02,RIO-43
AM-3120-ZV-ZV01,RIO-43
AM-3120-ZV-ZV02,RIO-43
AM-3125-LSH,RIO-43
AM-3130-PNL-ALARM,RIO-43
AM-3130-PNL-AMPS,RIO-43
AM-3130-PNL-AUX,RIO-43
AM-3130-PNL-BYPSS,RIO-43
AM-3130-PNL-RESET,RIO-43
AM-3130-PNL-SETPT,RIO-43
AM-3130-PNL-START,RIO-43
AM-3135-PTC,RIO-43
AM-3135-ZV-ZS01,RIO-43
AM-3135-ZV-ZS02,RIO-43
AM-3135-ZV-ZV01,RIO-43
AM-3160-PTC,RIO-43
AM-3185-AS-HA,RIO-43
AM-3185-AS-HB,RIO-43
AM-3185-BS-HA,RIO-43
AM-3185-BS-HB,RIO-43
AM-3185-PS,RIO-43
AM-3205-PTC,RIO-43
AM-3210-PS,RIO-43
AM-3210-PTC,RIO-43
AM-3211-SG-ZS01,RIO-43
AM-3211-SG-ZS02,RIO-43
AM-3211-SG-ZV01,RIO-43
AM-3212-SG-ZS01,RIO-43
AM-3212-SG-ZS02,RIO-43
AM-3212-SG-ZV01,RIO-43
AM-3213-PS,RIO-43
AM-3213-PTC,RIO-43
AM-3215-LSH,RIO-43
AM-3215-LSL,RIO-43
AM-3235-AS-HA,RIO-43
AM-3235-AS-HB,RIO-43
AM-3235-BS-HA,RIO-43
AM-3235-BS-HB,RIO-43
AM-3235-PS,RIO-43
AM-3250-PS,RIO-43
AM-3250-PTC,RIO-43
AM-3255-PS,RIO-43
AM-3255-PTC,RIO-43
AM-3260-SG-ZS01,RIO-43
AM-3260-SG-ZS02,RIO-43
AM-3260-SG-ZV01,RIO-43
AM-3265-SG-ZS01,RIO-43
AM-3265-SG-ZS02,RIO-43
AM-3265-SG-ZV01,RIO-43
AM-3270-LSH,RIO-43
AM-3270-LT,RIO-43
AM-3285-LSH,RIO-43
AM-3285-LT,RIO-43
AM-3315-LSH,RIO-43
AM-3315-LT,RIO-43
AM-3340-AS-HA,RIO-43
AM-3340-AS-HB,RIO-43
AM-3340-BS-HA,RIO-43
AM-3340-BS-HB,RIO-43
AM-3340-PS,RIO-43
AM-3350-PTC,RIO-43
AM-3360-LSH,RIO-43
AM-3360-LSL,RIO-43
AM-3395-FCP-AUX,RIO-43
AM-3395-FCP-RUN,RIO-43
AM-3395-LSH,RIO-43
AM-3395-ZSX,RIO-43
AM-3400-PTC,RIO-43
AM-3415-FCP-AUX,RIO-43
AM-3415-FCP-RUN,RIO-43
AM-3415-LSH,RIO-43
AM-3415-ZSX,RIO-43
AM-4091-FCP-AUX,RIO-43
AM-4091-FCP-RUN,RIO-43
AM-4091-LSH,RIO-43
AM-4091-PT,RIO-43
AM-4091-ZSX,RIO-43
AM-4110-FCP-AUX,RIO-43
AM-4110-FCP-RUN,RIO-43
AM-4110-LSH,RIO-43
AM-4110-PT,RIO-43
AM-4110-ZSX,RIO-43
AM-4130-XE-1,RIO-43
AM-4130-XE-2,RIO-43
AM-4130-XE-3,RIO-43
AM-4130-XE-4,RIO-43
AM-4130-ZS,RIO-43
AM-4185-MS,RIO-43
AM-4185-PTC,RIO-43
AM-4260-MS,RIO-43
AM-4260-PTC,RIO-43
AM-4285-XE-1,RIO-43
AM-4285-XE-2,RIO-43
AM-4285-XE-3,RIO-43
AM-4285-XE-4,RIO-43
AM-4285-ZS,RIO-43
AM-4340-MS,RIO-43
AM-4415-MS,RIO-43
AM-4440-XE-1,RIO-43
AM-4440-XE-2,RIO-43
AM-4440-XE-3,RIO-43
AM-4440-XE-4,RIO-43
AM-4440-ZS,RIO-43
AM-4495-MS,RIO-43
AM-4570-MS,RIO-43
AM-4595-FCP-AUX,RIO-43
AM-4595-FCP-RUN,RIO-43
AM-4595-LSH,RIO-43
AM-4595-ZSX,RIO-43
AM-4645-PTC1,RIO-43
AM-4645-PTC2,RIO-43
AM-4650-PTC,RIO-43
AM-4655-PTC,RIO-43
AM-4660-PTC,RIO-43
AM-4665-PTC,RIO-43
AM-4670-PTC,RIO-43
AM-4675-PTC,RIO-43
AM-4680-PTC,RIO-43
AM-4685-PTC,RIO-43
AM-4690-PTC,RIO-43
AM-4695-PTC,RIO-43
AM-4700-PTC,RIO-43
AM-4735-PTC,RIO-43
AM-4736-ZV-ZS01,RIO-43
AM-4736-ZV-ZS02,RIO-43
AM-4736-ZV-ZV01,RIO-43
AM-4736-ZV-ZV02,RIO-43
AM-4737-ZV-ZS01,RIO-43
AM-4737-ZV-ZS02,RIO-43
AM-4737-ZV-ZV01,RIO-43
AM-4737-ZV-ZV02,RIO-43
AM-4745-PS,RIO-43
AM-4745-PTC,RIO-43
AM-4750-PS,RIO-43
AM-4750-PTC,RIO-43
AM-4758-FCP-AUX,RIO-43
AM-4758-FCP-RUN,RIO-43
AM-4758-LSH,RIO-43
AM-4758-ZSX,RIO-43
AM-4760-PTC,RIO-43
AM-4762-PT,RIO-43
AM-4763-ZV-ZS01,RIO-43
AM-4763-ZV-ZS02,RIO-43
AM-4763-ZV-ZV01,RIO-43
AM-4763-ZV-ZV02,RIO-43
AM-4764-ZV-ZS01,RIO-43
AM-4764-ZV-ZS02,RIO-43
AM-4764-ZV-ZV01,RIO-43
AM-4764-ZV-ZV02,RIO-43
AM-4766-XE-1,RIO-43
AM-4766-XE-2,RIO-43
AM-4766-XE-3,RIO-43
AM-4766-XE-4,RIO-43
AM-4766-ZS,RIO-43
AM-4769-ZV-ZS01,RIO-43
AM-4769-ZV-ZS02,RIO-43
AM-4769-ZV-ZV01,RIO-43
AM-4769-ZV-ZV02,RIO-43
AM-4885-PTC,RIO-43
AM-4935-BS-1,RIO-43
AM-4935-BS-2,RIO-43
AM-4935-FCP-PSH,RIO-43
AM-4935-FCP-RUN,RIO-43
AM-4935-XT,RIO-43
AM-4935-ZS,RIO-43
AM-4935-ZSX,RIO-43
AM-4935-ZV,RIO-43
AM-4935-ZV1-ZS01,RIO-43
AM-4935-ZV1-ZS02,RIO-43
AM-4935-ZV1-ZV01,RIO-43
AM-4945-PT,RIO-43
AM-5000-ZV-ZS01,RIO-43
AM-5000-ZV-ZS02,RIO-43
AM-5000-ZV-ZS03,RIO-43
AM-5000-ZV-ZV01,RIO-43
AM-5000-ZV-ZV02,RIO-43
AM-5000-ZV-ZV03,RIO-43
AM-5005-ZV-ZS01,RIO-43
AM-5005-ZV-ZS02,RIO-43
AM-5005-ZV-ZS03,RIO-43
AM-5005-ZV-ZV01,RIO-43
AM-5005-ZV-ZV02,RIO-43
AM-5005-ZV-ZV03,RIO-43
AM-5010-ZV-ZS01,RIO-43
AM-5010-ZV-ZS02,RIO-43
AM-5010-ZV-ZS03,RIO-43
AM-5010-ZV-ZV01,RIO-43
AM-5010-ZV-ZV02,RIO-43
AM-5010-ZV-ZV03,RIO-43
AM-5015-FCP-AUX,RIO-43
AM-5015-FCP-RUN,RIO-43
AM-5020-ZV-ZS01,RIO-43
AM-5020-ZV-ZS02,RIO-43
AM-5020-ZV-ZV01,RIO-43
AM-5020-ZV-ZV02,RIO-43
AM-5035-LSH,RIO-43
AM-5035-LT,RIO-43
AM-5050-ZV-ZS01,RIO-43
AM-5050-ZV-ZS02,RIO-43
AM-5050-ZV-ZS03,RIO-43
AM-5050-ZV-ZV01,RIO-43
AM-5050-ZV-ZV02,RIO-43
AM-5050-ZV-ZV03,RIO-43
AM-5055-FCP-AUX,RIO-43
AM-5055-FCP-RUN,RIO-43
AM-5070-ZV-ZS01,RIO-43
AM-5070-ZV-ZS02,RIO-43
AM-5070-ZV-ZV01,RIO-43
AM-5070-ZV-ZV02,RIO-43
AM-5075-LSH,RIO-43
AM-5075-LT,RIO-43
AM-5095-FCP-AUX,RIO-43
AM-5095-FCP-RUN,RIO-43
AM-5110-ZV-ZS01,RIO-43
AM-5110-ZV-ZS02,RIO-43
AM-5110-ZV-ZV01,RIO-43
AM-5110-ZV-ZV02,RIO-43
AM-5115-LSH,RIO-43
AM-5115-LT,RIO-43
AM-5130-FCP-AUX,RIO-43
AM-5130-FCP-RUN,RIO-43
AM-5145-ZV-ZS01,RIO-43
AM-5145-ZV-ZS02,RIO-43
AM-5145-ZV-ZV01,RIO-43
AM-5145-ZV-ZV02,RIO-43
AM-5150-LSH,RIO-43
AM-5150-LT,RIO-43
AM-5170-FCP-AUX,RIO-43
AM-5170-FCP-RUN,RIO-43
AM-5185-ZV-ZS01,RIO-43
AM-5185-ZV-ZS02,RIO-43
AM-5185-ZV-ZV01,RIO-43
AM-5185-ZV-ZV02,RIO-43
AM-5190-LSH,RIO-43
AM-5190-LT,RIO-43
AM-5210-FCP-AUX,RIO-43
AM-5210-FCP-RUN,RIO-43
AM-5225-ZV-ZS01,RIO-43
AM-5225-ZV-ZS02,RIO-43
AM-5225-ZV-ZV01,RIO-43
AM-5225-ZV-ZV02,RIO-43
AM-5230-LSH,RIO-43
AM-5230-LT,RIO-43
AM-5250-FCP-AUX,RIO-43
AM-5250-FCP-RUN,RIO-43
AM-5265-ZV-ZS01,RIO-43
AM-5265-ZV-ZS02,RIO-43
AM-5265-ZV-ZV01,RIO-43
AM-5265-ZV-ZV02,RIO-43
AM-5270-LSH,RIO-43
AM-5270-LT,RIO-43
AM-5285-FCP-AUX,RIO-43
AM-5285-FCP-RUN,RIO-43
AM-5300-ZV-ZS01,RIO-43
AM-5300-ZV-ZS02,RIO-43
AM-5300-ZV-ZV01,RIO-43
AM-5300-ZV-ZV02,RIO-43
AM-5305-LSH,RIO-43
AM-5305-LT,RIO-43
AM-5320-FCP-AUX,RIO-43
AM-5320-FCP-RUN,RIO-43
AM-5325-ZV-ZS01,RIO-43
AM-5325-ZV-ZS02,RIO-43
AM-5325-ZV-ZV01,RIO-43
AM-5325-ZV-ZV02,RIO-43
AM-5335-LSH,RIO-43
AM-5335-LT,RIO-43
AM-5350-PTC,RIO-43
AM-5410-FCP-AUX,RIO-43
AM-5410-FCP-RUN,RIO-43
AM-5410-LSH,RIO-43
AM-5410-ZSX,RIO-43
AM-5415-PTC,RIO-43
AM-5420-PTC,RIO-43
AM-5430-XE-1,RIO-43
AM-5430-XE-2,RIO-43
AM-5430-XE-3,RIO-43
AM-5430-XE-4,RIO-43
AM-5430-ZS,RIO-43
AM-6035-FCP-AUX,RIO-43
AM-6035-FCP-RUN,RIO-43
AM-6035-LSH,RIO-43
AM-6035-ZSX,RIO-43
AM-6045-PTC,RIO-43
AM-6050-PTC,RIO-43
AM-6060-XE-1,RIO-43
AM-6060-XE-2,RIO-43
AM-6060-XE-3,RIO-43
AM-6060-XE-4,RIO-43
AM-6060-ZS,RIO-43
AM-8005-LSH,RIO-43
AM-8015-PT,RIO-43
RIO-43-ESR,RIO-43
UPS-3A-ALARM,RIO-43
UPS-3A-ESR,RIO-43
UPS-3A-READY,RIO-43
UPS-3B-ALARM,RIO-43
UPS-3B-ESR,RIO-43
UPS-3B-READY,RIO-43
F-8025-FCP-AUX,RIO-60
F-8025-FCP-RUN,RIO-60
F-8040-LSH,RIO-60
F-8040-LT,RIO-60
F-8045-PNL,RIO-60
RIO-60-UPS-ALARM,RIO-60
RIO-60-UPS-READY,RIO-60
DV-80-ZS01,RIO-80
DV-80-ZS02,RIO-80
DV-80-ZV01,RIO-80
DV-80-ZV02,RIO-80
PB-80-JOG,RIO-80
PB-80-STOP,RIO-80
PT-80-PRESS,RIO-80
RIO-80-A-ASP,RIO-80
RIO-80-A-DV8,RIO-80
RIO-80-A-ENB,RIO-80
RIO-80-A-FIL,RIO-80
RIO-80-A-HHL,RIO-80
RIO-80-A-HL,RIO-80
RIO-80-ALAUX,RIO-80
RIO-80-A-LL,RIO-80
RIO-80-A-LT,RIO-80
RIO-80-B-ASP,RIO-80
RIO-80-B-DV9,RIO-80
RIO-80-B-ENB,RIO-80
RIO-80-B-FIL,RIO-80
RIO-80-B-HHL,RIO-80
RIO-80-B-HL,RIO-80
RIO-80-B-LL,RIO-80
RIO-80-B-LT,RIO-80
RIO-80-FAULT,RIO-80
RIO-80-IO-PB-JOG,RIO-80
RIO-80-IO-PB-STOP,RIO-80
RIO-80-PURGE,RIO-80
RIO-80-STOP,RIO-80
